,Datum,Max výška,Doba nad 10°,Osvětleno nad 10°,Vychází,Dosahuje 10°,Nejvyšší poloha,Klesne pod 10°,Zapadá,Výška při stínu,Čas stínu,Výška Slunce,Scénář,Priorita,Oblačnost,Nízká,Střední,Vysoká
0,20261004--01,59°,06:27,00:00,02:32:09,02:34:14,02:37:26,02:40:41,02:42:48,0°,02:32:09,-55.8°,B,3,100,29,0,74
1,20261004--02,15°,04:07,00:00,04:09:59,04:12:41,04:14:44,04:16:48,04:19:31,0°,04:19:23,-36.7°,B,3,100,36,1,87
2,20261005--01,29°,05:44,00:00,01:40:13,01:42:27,01:45:18,01:48:11,01:50:26,0°,01:40:13,-63.5°,B,3,64,0,0,42
3,20261005--02,24°,05:26,00:00,03:17:18,03:19:38,03:22:21,03:25:04,03:27:26,0°,03:17:18,-47.7°,B,3,80,0,21,51
4,20261006--01,15°,03:53,00:00,00:48:31,00:51:13,00:53:09,00:55:06,00:57:49,0°,00:48:31,-66.7°,B,3,5,0,5,0
5,20261006--02,40°,06:13,00:00,02:24:44,02:26:53,02:29:58,02:33:06,02:35:16,0°,02:24:44,-57.5°,B,3,5,0,5,0
6,20261007--01,81°,06:31,00:00,01:32:18,01:34:22,01:37:36,01:40:53,01:42:59,0°,01:32:18,-64.9°,B,3,73,72,0,0
7,20261007--02,12°,02:28,00:00,03:10:35,03:13:50,03:15:04,03:16:18,03:19:34,0°,03:10:35,-49.5°,B,4,67,65,0,0
8,20261008--01,47°,06:17,00:00,00:40:01,00:42:08,00:45:16,00:48:25,00:50:33,0°,00:40:01,-67.4°,B,3,94,57,0,0
9,20261008--02,17°,04:31,00:00,02:17:38,02:20:12,02:22:27,02:24:43,02:27:19,0°,02:17:38,-59.2°,B,3,88,52,0,0
10,20261008--03,23°,05:19,00:00,23:47:56,23:50:15,23:52:54,23:55:34,23:57:54,0°,23:47:56,-63.6°,B,3,37,37,0,0
11,20261009--01,27°,05:41,00:00,01:24:46,01:27:02,01:29:52,01:32:43,01:35:00,0°,01:24:46,-66.3°,B,3,15,15,0,0
12,20261009--02,11°,01:33,01:33,06:20:10,06:23:48,06:24:35,06:25:21,06:28:59,1°,06:20:31,-9.5°,A,4,19,19,0,0
13,20261009--03,12°,02:44,00:00,22:56:07,22:59:11,23:00:33,23:01:55,23:04:59,0°,22:56:07,-55.6°,B,4,53,53,0,0
14,20261010--01,49°,06:19,00:00,00:32:01,00:34:08,00:37:17,00:40:27,00:42:36,0°,00:32:01,-67.9°,B,3,47,47,0,0
15,20261010--02,81°,06:29,00:00,23:39:25,23:41:29,23:44:43,23:47:58,23:50:03,0°,23:39:25,-63.2°,B,3,5,5,0,0
